,subj,idx,session,pres,corr,corrw2v
0,soe101,1,-49,1,0.05084396891797869,0.03556759587750027
1,soe103,1,-49,1,0.06590164287501482,0.03930113096402821
2,soe104,1,-49,1,0.04196855887931085,0.02763517252597272
3,soe105,1,-49,1,0.048063810695358505,0.021164166340514518
4,soe106,1,-49,1,0.024797059913052307,0.018702310146754185
5,soe108,1,-49,1,0.024773814581194556,0.012675829302687151
6,soe109,1,-49,1,0.03592923107281621,0.01704463700951032
7,soe110,1,-49,1,0.03544116256820753,0.01897916779312756
8,soe111,1,-49,1,0.06275646115753741,0.03446648626841395
9,soe112,1,-49,1,0.01870851533863663,0.01971812419428523
10,soe113,1,-49,1,0.017691275440095668,0.013562589758229623
11,soe114,1,-49,1,0.02393495864356919,0.013574500981431802
12,soe115,1,-49,1,0.03213262523241711,0.02199379061059201
13,soe116,1,-49,1,0.03125792224836128,0.017854245662295463
14,soe117,1,-49,1,0.028379979890702914,0.015519656766469447
15,soe118,1,-49,1,0.036302501091379724,0.018146400598797293
16,soe120,1,-49,1,0.02850732536138816,0.01646758439941782
17,soe121,1,-49,1,0.04496065730560777,0.02256531907772203
18,soe122,1,-49,1,0.03246073780578174,0.021900753872288937
19,soe123,1,-49,1,0.0329935073979145,0.018917567195462764
20,soe124,1,-49,1,0.02665802374678256,0.012798026861412114
21,soe125,1,-49,1,0.04109611851696607,0.024864268252285982
22,soe126,1,-49,1,0.03374704373849178,0.02179448155287315
23,soe128,1,-49,1,0.020565999054481393,0.014003379848571014
24,soe129,1,-49,1,0.0352924597788955,0.020441026379343585
25,soe130,1,-49,1,0.05124464501680443,0.04187507475043457
26,soe131,1,-49,1,0.024481923650556674,0.010287785906021765
27,soe133,1,-49,1,0.01677450891972766,0.018365536103144578
28,soe134,1,-49,1,0.02803489216678328,0.020753369182388775
29,soe135,1,-49,1,0.03064182210415062,0.020328989718621623
30,soe136,1,-49,1,0.04644433595271111,0.026042887258599854
31,soe137,1,-49,1,0.04510275298504982,0.031832339617020984
32,soe138,1,-49,1,0.0657247636071572,0.03915176522317216
33,soe139,1,-49,1,0.018689074060058607,0.011335637203076334
34,soe140,1,-49,1,0.043382019622097964,0.0263273716898506
35,soe141,1,-49,1,0.0439816451316972,0.024837255414779557
36,soe142,1,-49,1,0.04563648946751498,0.02465706804932214
37,soe143,1,-49,1,0.02327032973622834,0.020719659830415734
38,soe144,1,-49,1,0.04408342239708933,0.032171539426768904
39,soe145,1,-49,1,0.017876064888546848,0.02551165259783926
40,soe101,2,-49,2,0.12151450528397859,0.07513922158854841
41,soe103,2,-49,2,0.14272087423806185,0.08595379271657871
42,soe104,2,-49,2,0.13053376444724482,0.07029329373903599
43,soe105,2,-49,2,0.1226608858001036,0.0636981201886557
44,soe106,2,-49,2,0.1021884620704758,0.05342089776449208
45,soe108,2,-49,2,0.05580124426830703,0.026093116039989338
46,soe109,2,-49,2,0.09380822505165907,0.057324100501020714
47,soe110,2,-49,2,0.09445641164595321,0.058222392484951896
48,soe111,2,-49,2,0.11965345800885818,0.06551357251656244
49,soe112,2,-49,2,0.04456601983320465,0.025113341537807796
50,soe113,2,-49,2,0.05544801438302195,0.032308853768728316
51,soe114,2,-49,2,0.07824487876737268,0.05275455239318899
52,soe115,2,-49,2,0.0875043349333917,0.051842160823385885
53,soe116,2,-49,2,0.05815068828359229,0.04441265780341032
54,soe117,2,-49,2,0.0640910233830167,0.03322064892113396
55,soe118,2,-49,2,0.07706326840508222,0.042709126338704766
56,soe120,2,-49,2,0.0924581888486455,0.053097927721725724
57,soe121,2,-49,2,0.0890986172877695,0.047389629061266286
58,soe122,2,-49,2,0.05548471663055355,0.03442595533022973
59,soe123,2,-49,2,0.10747309630105832,0.05690541705682305
60,soe124,2,-49,2,0.07487873020525103,0.045455276698404525
61,soe125,2,-49,2,0.10550030590679454,0.07373111631329929
62,soe126,2,-49,2,0.08271015665412881,0.05271075661109375
63,soe128,2,-49,2,0.05052300472309664,0.036558956665529545
64,soe129,2,-49,2,0.07843835256761975,0.05536814398615783
65,soe130,2,-49,2,0.17874069437809176,0.11792795731086714
66,soe131,2,-49,2,0.043712844895043464,0.028320738798669174
67,soe133,2,-49,2,0.04601111194887342,0.029274764042016777
68,soe134,2,-49,2,0.06085567536795151,0.03352466807724409
69,soe135,2,-49,2,0.06320305896922435,0.03275473795533414
70,soe136,2,-49,2,0.13933208788312987,0.08740888149965938
71,soe137,2,-49,2,0.13765878194836376,0.08632463151724656
72,soe138,2,-49,2,0.19753804600032135,0.1093194085717303
73,soe139,2,-49,2,0.02769828543852427,0.018018072904052187
74,soe140,2,-49,2,0.08478820335182391,0.04625356247302606
75,soe141,2,-49,2,0.09865424713263153,0.06249090877795022
76,soe142,2,-49,2,0.11367701358597648,0.06568316994676979
77,soe143,2,-49,2,0.07838617380037992,0.05349093924105295
78,soe144,2,-49,2,0.13610777426038817,0.09503972165815923
79,soe145,2,-49,2,0.07946608787808083,0.053962023149768036
80,soe101,3,-48,1,0.142092966301786,0.09080196293163609
81,soe103,3,-48,1,0.1995373396438144,0.11379300996562357
82,soe104,3,-48,1,0.1520865563388402,0.0746109527201514
83,soe105,3,-48,1,0.1268137202071205,0.0701714846020697
84,soe106,3,-48,1,0.1440134594478733,0.08222995143933286
85,soe108,3,-48,1,0.07375663071625363,0.04635196047844962
86,soe109,3,-48,1,0.09995507607515497,0.06678897075599892
87,soe110,3,-48,1,0.10681191678873425,0.06363972611688322
88,soe111,3,-48,1,0.15605525440425322,0.08198194892887906
89,soe112,3,-48,1,0.046126830349634745,0.02655571116587626
90,soe113,3,-48,1,0.06770910062094405,0.042448673892237915
91,soe114,3,-48,1,0.10940783183851913,0.0731984793764737
92,soe115,3,-48,1,0.12852863270131584,0.07928376870375713
93,soe116,3,-48,1,0.08241660334164379,0.07133755621996311
94,soe117,3,-48,1,0.1211404431938535,0.06324204307381052
95,soe118,3,-48,1,0.11296637535670997,0.06656593482445704
96,soe120,3,-48,1,0.1134245065683989,0.06854258222950514
97,soe121,3,-48,1,0.12547382342422383,0.07441518385127073
98,soe122,3,-48,1,0.07064400889527168,0.048890233376963875
99,soe123,3,-48,1,0.14507853793251616,0.08268442261548731
100,soe124,3,-48,1,0.1046289726627316,0.06808899483639998
101,soe125,3,-48,1,0.12716078165230063,0.08140797304272909
102,soe126,3,-48,1,0.11372882949660489,0.0642024059319529
103,soe128,3,-48,1,0.06579014759445498,0.04744554059198348
104,soe129,3,-48,1,0.09887166285712577,0.06936449409620413
105,soe130,3,-48,1,0.2343764243268495,0.15626740412203208
106,soe131,3,-48,1,0.07265333626209806,0.052095631591754364
107,soe133,3,-48,1,0.07030926787467093,0.04515441456357307
108,soe134,3,-48,1,0.09236819005088015,0.06006638533128894
109,soe135,3,-48,1,0.09355577037779296,0.04992306034115194
110,soe136,3,-48,1,0.1691446650385602,0.0976793002836378
111,soe137,3,-48,1,0.19068962857492808,0.12734527609323562
112,soe138,3,-48,1,0.23774666392298466,0.13120632998153164
113,soe139,3,-48,1,0.05302609773356745,0.03270507979398053
114,soe140,3,-48,1,0.1288359365447879,0.07761791806976047
115,soe141,3,-48,1,0.1313023388190784,0.08842487207819229
116,soe142,3,-48,1,0.1503071893930291,0.08521660994652863
117,soe143,3,-48,1,0.09423789627979298,0.07753293024581441
118,soe144,3,-48,1,0.20723935853150266,0.13211338067124345
119,soe145,3,-48,1,0.12861491025399463,0.08553822359979435
120,soe101,4,-48,2,0.15255071961809247,0.09367008928274381
121,soe103,4,-48,2,0.20894838605621713,0.11331332666713215
122,soe104,4,-48,2,0.15754241914111258,0.07883517553119487
123,soe105,4,-48,2,0.12204401982139303,0.07372986743750383
124,soe106,4,-48,2,0.17566810698204702,0.09890245362709281
125,soe108,4,-48,2,0.08910847228836943,0.05092831016893737
126,soe109,4,-48,2,0.11680166546894015,0.07656988282844399
127,soe110,4,-48,2,0.11855065922203245,0.06873881557886947
128,soe111,4,-48,2,0.15912091651716226,0.07947475792346982
129,soe112,4,-48,2,0.0643012468804088,0.04228641765133766
130,soe113,4,-48,2,0.08414872737075495,0.0530733745402942
131,soe114,4,-48,2,0.10997339198196003,0.0695966869026018
132,soe115,4,-48,2,0.14682101734288544,0.09142568641008944
133,soe116,4,-48,2,0.09390025005744329,0.07660088998706849
134,soe117,4,-48,2,0.1417175512880473,0.07700720257727703
135,soe118,4,-48,2,0.11267634794064504,0.06756201735779475
136,soe120,4,-48,2,0.11162902958308173,0.06484972897084466
137,soe121,4,-48,2,0.15515678677964057,0.0921683067075142
138,soe122,4,-48,2,0.08114598617281944,0.055894616410667175
139,soe123,4,-48,2,0.1330517823848848,0.07627108396720965
140,soe124,4,-48,2,0.1162288845134707,0.07500564373415983
141,soe125,4,-48,2,0.14927903677932,0.09048261130460912
142,soe126,4,-48,2,0.11819743699711308,0.06522520434415692
143,soe128,4,-48,2,0.06939118075252478,0.047288301978163715
144,soe129,4,-48,2,0.10159343664175495,0.0735360507231912
145,soe130,4,-48,2,0.262553306210233,0.16582622479950127
146,soe131,4,-48,2,0.06751777975032842,0.044398115008267305
147,soe133,4,-48,2,0.07510588513851019,0.051807733615933375
148,soe134,4,-48,2,0.09198561156256078,0.06054339569074562
149,soe135,4,-48,2,0.09343555200878216,0.04577817861663137
150,soe136,4,-48,2,0.19983137806568343,0.11912076946250835
151,soe137,4,-48,2,0.2318711459333267,0.15038702528029724
152,soe138,4,-48,2,0.24587466775664413,0.1352238631130633
153,soe139,4,-48,2,0.05520889350917278,0.03401462996994771
154,soe140,4,-48,2,0.12413780589983366,0.07099321172949084
155,soe141,4,-48,2,0.13653263686562886,0.09151036919861422
156,soe142,4,-48,2,0.16805762225408105,0.08834583590362807
157,soe143,4,-48,2,0.10919185376229947,0.08220880158675539
158,soe144,4,-48,2,0.23618653972285023,0.14877930409318146
159,soe145,4,-48,2,0.11263013721551303,0.07754771035056553
160,soe101,5,-47,1,0.1555382081315396,0.09764668601568437
161,soe103,5,-47,1,0.24229625597609608,0.1286419966893678
162,soe104,5,-47,1,0.15941080545451145,0.08447861677316064
163,soe105,5,-47,1,0.15787905687228737,0.09536035169615481
164,soe106,5,-47,1,0.203156937022333,0.11651612736751342
165,soe108,5,-47,1,0.10343696309682633,0.06654830214767199
166,soe109,5,-47,1,0.12844856420504264,0.0762248651696285
167,soe110,5,-47,1,0.1545737623877335,0.09164474706976042
168,soe111,5,-47,1,0.20171545395982463,0.10406002636473127
169,soe112,5,-47,1,0.0975824514785394,0.05401945181275909
170,soe113,5,-47,1,0.10979766842158784,0.07151108688601131
171,soe114,5,-47,1,0.13094549965401409,0.0843521631888395
172,soe115,5,-47,1,0.1565555574825453,0.09488001968249195
173,soe116,5,-47,1,0.12190988999803087,0.09378195027399447
174,soe117,5,-47,1,0.15638132539471727,0.08139090719997465
175,soe118,5,-47,1,0.131552859817241,0.08529596674862854
176,soe120,5,-47,1,0.12626377759335722,0.07260250162266556
177,soe121,5,-47,1,0.17839127492074455,0.10577470099707616
178,soe122,5,-47,1,0.1080201138216988,0.07691454116620842
179,soe123,5,-47,1,0.1453874187145103,0.08019255942280956
180,soe124,5,-47,1,0.12824337511553383,0.08456659867133581
181,soe125,5,-47,1,0.17634278266545944,0.11465487549405093
182,soe126,5,-47,1,0.1322268232256284,0.07518311933340624
183,soe128,5,-47,1,0.07545558506087156,0.0503559561009499
184,soe129,5,-47,1,0.12203311851550294,0.0883848045708793
185,soe130,5,-47,1,0.3085606762010964,0.1868767938369297
186,soe131,5,-47,1,0.08670846036643215,0.055541494696381075
187,soe133,5,-47,1,0.09438147145599926,0.06585265141447857
188,soe134,5,-47,1,0.11758905663407254,0.07828938250691268
189,soe135,5,-47,1,0.13277770390527302,0.06860828098266386
190,soe136,5,-47,1,0.24765167409631042,0.14348034026946116
191,soe137,5,-47,1,0.2471372702820853,0.16277166706153093
192,soe138,5,-47,1,0.3026838317490685,0.1736698768203047
193,soe139,5,-47,1,0.0644883875827143,0.04198106318380359
194,soe140,5,-47,1,0.13492477833740393,0.07777468884785654
195,soe141,5,-47,1,0.16496876229692112,0.10493953937047165
196,soe142,5,-47,1,0.17175825564978492,0.09123198491623637
197,soe143,5,-47,1,0.13674347813556387,0.10326062499866688
198,soe144,5,-47,1,0.2570757645396193,0.16197440514935596
199,soe145,5,-47,1,0.13488823741620481,0.09464984402143634
200,soe101,6,-47,2,0.16452003388301606,0.10079373611024707
201,soe103,6,-47,2,0.24885281442329196,0.12933398217253775
202,soe104,6,-47,2,0.17217255371714724,0.09418022246713949
203,soe105,6,-47,2,0.16621777352949346,0.10047154883620914
204,soe106,6,-47,2,0.20494985235884955,0.11687217263515985
205,soe108,6,-47,2,0.11131441745443378,0.07091099035972195
206,soe109,6,-47,2,0.1228686626502071,0.07807321371160254
207,soe110,6,-47,2,0.16192883980220543,0.09554928077937512
208,soe111,6,-47,2,0.21915706585289216,0.11475795604315767
209,soe112,6,-47,2,0.10021889349088708,0.05791902136830829
210,soe113,6,-47,2,0.1183401841796524,0.07386879102745647
211,soe114,6,-47,2,0.12920985963788909,0.08267985260704284
212,soe115,6,-47,2,0.15004414702753843,0.09009927028333081
213,soe116,6,-47,2,0.12209884562056149,0.09141634850606041
214,soe117,6,-47,2,0.14133450419813914,0.07725049252043924
215,soe118,6,-47,2,0.1302308620397685,0.0899944365922189
216,soe120,6,-47,2,0.11913898095632398,0.06752144680211133
217,soe121,6,-47,2,0.17027213815203687,0.1039068987212436
218,soe122,6,-47,2,0.10391175547441699,0.07820272814644123
219,soe123,6,-47,2,0.15684715709086253,0.08474919817222955
220,soe124,6,-47,2,0.1358277403912365,0.09252861964333223
221,soe125,6,-47,2,0.18415903342329754,0.12355491103750052
222,soe126,6,-47,2,0.1498741751450745,0.08042588508384138
223,soe128,6,-47,2,0.07254559774215198,0.04891714635273756
224,soe129,6,-47,2,0.11970767942061428,0.08695013337903379
225,soe130,6,-47,2,0.3255192754519497,0.1969854413943582
226,soe131,6,-47,2,0.08805356744833842,0.05672155205004927
227,soe133,6,-47,2,0.11609651692673913,0.07660562365463838
228,soe134,6,-47,2,0.13657404258799263,0.09018540376339211
229,soe135,6,-47,2,0.1465270870451754,0.08093863017939386
230,soe136,6,-47,2,0.25252557770715556,0.14812307313035392
231,soe137,6,-47,2,0.24886634009336303,0.16675717588770608
232,soe138,6,-47,2,0.3226229503412718,0.1898739295787078
233,soe139,6,-47,2,0.07479419826606755,0.04821821107874891
234,soe140,6,-47,2,0.13738848331199457,0.07895960429338267
235,soe141,6,-47,2,0.17474908166667616,0.1096485639002944
236,soe142,6,-47,2,0.18179358300279683,0.09854931381254275
237,soe143,6,-47,2,0.14305458667178686,0.1080258045381534
238,soe144,6,-47,2,0.25807096064033574,0.16706644540661336
239,soe145,6,-47,2,0.14410344720837284,0.09837990824905024
240,soe101,135,18,1,0.11847175103014998,0.07450713735353957
241,soe103,135,18,1,0.2184127102992912,0.11249124291507186
242,soe104,135,18,1,0.1218156328449449,0.06415587299611224
243,soe105,135,18,1,0.14413739689830696,0.08257983493213887
244,soe106,135,18,1,0.14244928978739158,0.08762992299376825
245,soe108,135,18,1,0.08527178751693924,0.0622334753808927
246,soe109,135,18,1,0.08678055232160706,0.05206219020014809
247,soe110,135,18,1,0.12496175312802024,0.0763490202483994
248,soe111,135,18,1,0.19081061455655263,0.10310352017974637
249,soe112,135,18,1,0.07412817260409238,0.04316229936350571
250,soe113,135,18,1,0.09176331055086798,0.06134449053218437
251,soe114,135,18,1,0.12321732369407594,0.07806680990877163
252,soe115,135,18,1,0.12334546361649719,0.07698935926845782
253,soe116,135,18,1,0.11554078745689648,0.0831321330732043
254,soe117,135,18,1,0.13374864569289704,0.06478218940353127
255,soe118,135,18,1,0.12798686747699764,0.08368825124674795
256,soe120,135,18,1,0.09872858248067198,0.06278834018037925
257,soe121,135,18,1,0.1331297188188685,0.0861854023602074
258,soe122,135,18,1,0.09640100846264567,0.07606576075122153
259,soe123,135,18,1,0.13110000205756636,0.07202773864334788
260,soe124,135,18,1,0.1071295940117454,0.06560112467660573
261,soe125,135,18,1,0.13661087560766608,0.09501450406393906
262,soe126,135,18,1,0.10858996243621442,0.06206523944465968
263,soe128,135,18,1,0.06523276049932353,0.04010374594515568
264,soe129,135,18,1,0.1093547121811012,0.07635112134721256
265,soe130,135,18,1,0.25940550292011044,0.1596124911241974
266,soe131,135,18,1,0.08613936473610988,0.0582952591010279
267,soe133,135,18,1,0.10155089207474616,0.06983529941151832
268,soe134,135,18,1,0.1158621618251528,0.07722738145801748
269,soe135,135,18,1,0.13159093320895396,0.07819345190222361
270,soe136,135,18,1,0.20593323918215936,0.11255585044719986
271,soe137,135,18,1,0.18015079503289802,0.12648050976376024
272,soe138,135,18,1,0.2758679028661642,0.16376993580371202
273,soe139,135,18,1,0.0658069656901398,0.041044428723543136
274,soe140,135,18,1,0.12294507491653546,0.07849781484385743
275,soe141,135,18,1,0.16101497473196652,0.09796953578820922
276,soe142,135,18,1,0.12724325205574918,0.0743256275318383
277,soe143,135,18,1,0.11565353407898363,0.09477565163356717
278,soe144,135,18,1,0.20297599282981918,0.12578909479683817
279,soe145,135,18,1,0.1326068077443947,0.09052561795703586
280,soe101,234,67,2,0.0908361121427845,0.05549940723477185
281,soe103,234,67,2,0.12638348748751033,0.0701492888000595
282,soe104,234,67,2,0.0896084470443747,0.043848260866543046
283,soe105,234,67,2,0.05458016160367688,0.03799134960059038
284,soe106,234,67,2,0.1332139921266008,0.0757986428563791
285,soe108,234,67,2,0.04693280334135882,0.03228460764225178
286,soe109,234,67,2,0.07696613373384274,0.05324276966027844
287,soe110,234,67,2,0.06663515914534383,0.03801900151253749
288,soe111,234,67,2,0.0813401883970511,0.03673115075502335
289,soe112,234,67,2,0.049654997670128695,0.02800408961209642
290,soe113,234,67,2,0.04652832938223742,0.03262143906735148
291,soe114,234,67,2,0.06425604741596642,0.04008732981980363
292,soe115,234,67,2,0.09767931095836765,0.06068287983347989
293,soe116,234,67,2,0.05192092947656139,0.04453523698893956
294,soe117,234,67,2,0.09701776181604763,0.05339961702515474
295,soe118,234,67,2,0.06440188614156786,0.038389990852446196
296,soe120,234,67,2,0.06624907702023958,0.034047595374592565
297,soe121,234,67,2,0.10259057421283331,0.06556522562715919
298,soe122,234,67,2,0.04311378126599009,0.03070441815496287
299,soe123,234,67,2,0.07491957523747206,0.040991209257188965
300,soe124,234,67,2,0.09348641637210144,0.05832076807857801
301,soe125,234,67,2,0.10338665353869046,0.05898666970244674
302,soe126,234,67,2,0.07383153873509032,0.03863088420102425
303,soe128,234,67,2,0.03972842443618063,0.023254969998763267
304,soe129,234,67,2,0.054736977175855954,0.040339197562043086
305,soe130,234,67,2,0.19786639324518399,0.12246266235958615
306,soe131,234,67,2,0.03668166172657362,0.024910176303128306
307,soe133,234,67,2,0.045962728936296625,0.029973401129237555
308,soe134,234,67,2,0.057945069353066134,0.037825745867058405
309,soe135,234,67,2,0.05955258200331133,0.027646278667563504
310,soe136,234,67,2,0.14567699230072453,0.07965772834367708
311,soe137,234,67,2,0.19127119629277856,0.12362019029802623
312,soe138,234,67,2,0.1702167086099343,0.08855330282294682
313,soe139,234,67,2,0.03708675049333105,0.026620250927426908
314,soe140,234,67,2,0.06833368692711059,0.03949950554512507
315,soe141,234,67,2,0.09012907151462167,0.06052927296168682
316,soe142,234,67,2,0.1187784393629352,0.059613766289490035
317,soe143,234,67,2,0.08621306843587549,0.06339119947709423
318,soe144,234,67,2,0.2102582598868095,0.12704199651398665
319,soe145,234,67,2,0.07246230754889026,0.046747602008565835
320,soe101,246,73,2,0.07531462296736283,0.038975056022942066
321,soe103,246,73,2,0.09032608310142114,0.048507396281560894
322,soe104,246,73,2,0.08135862426253515,0.046489909899553705
323,soe105,246,73,2,0.054344209393952556,0.04029575396661267
324,soe106,246,73,2,0.11737686846862043,0.06306420465721163
325,soe108,246,73,2,0.0364992346614785,0.024761416182595676
326,soe109,246,73,2,0.047908253227712465,0.036107982334274084
327,soe110,246,73,2,0.05740886388019552,0.03381254916802308
328,soe111,246,73,2,0.06518956305416199,0.03143614569420544
329,soe112,246,73,2,0.04805952472124223,0.0292337402931994
330,soe113,246,73,2,0.04385759761274939,0.025589688800688033
331,soe114,246,73,2,0.040650222656106946,0.030770920261978876
332,soe115,246,73,2,0.04728432519965225,0.030180878855954284
333,soe116,246,73,2,0.03790756053105478,0.02944177329006971
334,soe117,246,73,2,0.04417890046341127,0.024750842065898365
335,soe118,246,73,2,0.03296061682413764,0.027608822904714798
336,soe120,246,73,2,0.03823895957170018,0.021769330664546102
337,soe121,246,73,2,0.0557471517451664,0.0365663038342882
338,soe122,246,73,2,0.02362896003394289,0.019128837949835716
339,soe123,246,73,2,0.05951702187561261,0.036191959010072765
340,soe124,246,73,2,0.0678907748251279,0.04352032466163925
341,soe125,246,73,2,0.09500930081592429,0.05730035898199072
342,soe126,246,73,2,0.056739313744507906,0.031455306836641814
343,soe128,246,73,2,0.02640601338640144,0.013820909475275861
344,soe129,246,73,2,0.029043997915940152,0.028781266689867906
345,soe130,246,73,2,0.18045600661352462,0.10956781677363209
346,soe131,246,73,2,0.017600592924434597,0.00943692336999054
347,soe133,246,73,2,0.03871172550914789,0.02216921022450454
348,soe134,246,73,2,0.05574137891364187,0.0335758159807705
349,soe135,246,73,2,0.04805318694932148,0.028370274352927036
350,soe136,246,73,2,0.11279479618134769,0.06586443932988072
351,soe137,246,73,2,0.1673856618639564,0.1042992196434268
352,soe138,246,73,2,0.15305665992764034,0.09066711729561279
353,soe139,246,73,2,0.030413828430926087,0.01715905298601182
354,soe140,246,73,2,0.040274785293475356,0.023216859048794992
355,soe141,246,73,2,0.08178662625105322,0.04913473017586581
356,soe142,246,73,2,0.08835090036002889,0.046334781214107036
357,soe143,246,73,2,0.07487545700676805,0.05121276934748784
358,soe144,246,73,2,0.15774493926134173,0.10239427332772322
359,soe145,246,73,2,0.04801397640831769,0.03136126515120771
360,soe101,345,123,1,0.05607829226166835,0.03651648548104994
361,soe103,345,123,1,0.14423896670748712,0.07225611057116961
362,soe104,345,123,1,0.06774101895903643,0.03788219505014397
363,soe105,345,123,1,0.062938503505744,0.041106712075951145
364,soe106,345,123,1,0.1391645585728771,0.08130621505627145
365,soe108,345,123,1,0.056571454007238196,0.041287240570772
366,soe109,345,123,1,0.07436424024988454,0.04463573579986238
367,soe110,345,123,1,0.0894395292956129,0.046791307419933655
368,soe111,345,123,1,0.10969430440384255,0.0547016787165352
369,soe112,345,123,1,0.09324615137278425,0.048296184632280616
370,soe113,345,123,1,0.06751906465093424,0.047472444514646925
371,soe114,345,123,1,0.07537613806484479,0.04826296719168551
372,soe115,345,123,1,0.0977749532527537,0.05978740098756252
373,soe116,345,123,1,0.08014262411883062,0.05606033268792141
374,soe117,345,123,1,0.09847692332918262,0.053713431808367365
375,soe118,345,123,1,0.08082681927766983,0.05632010041525432
376,soe120,345,123,1,0.0590247540395506,0.029279973227065412
377,soe121,345,123,1,0.10818376535255926,0.06909420654105274
378,soe122,345,123,1,0.057539286661902306,0.04773653351321728
379,soe123,345,123,1,0.07036724881854103,0.03625035148874478
380,soe124,345,123,1,0.0854546087203451,0.05817900366295484
381,soe125,345,123,1,0.11289213717083157,0.0691705300710888
382,soe126,345,123,1,0.06602560566496966,0.03451484276920681
383,soe128,345,123,1,0.030257369050003646,0.018040107174139446
384,soe129,345,123,1,0.06660717902220817,0.04882851717518496
385,soe130,345,123,1,0.21264091226873175,0.12514843112885843
386,soe131,345,123,1,0.05086517254184882,0.032352242466360294
387,soe133,345,123,1,0.06691843581672609,0.04514138048142241
388,soe134,345,123,1,0.07241992398665167,0.05407905514075209
389,soe135,345,123,1,0.08296241700755161,0.04447171651585374
390,soe136,345,123,1,0.17782116309384674,0.09227519309595655
391,soe137,345,123,1,0.17306248672931532,0.11951521834943127
392,soe138,345,123,1,0.1947114478418535,0.10968602907716479
393,soe139,345,123,1,0.04067023061249209,0.029692152966718465
394,soe140,345,123,1,0.055975533196303086,0.035854990250000954
395,soe141,345,123,1,0.11690451763411538,0.06586957705401217
396,soe142,345,123,1,0.09883446623446991,0.05224327477611282
397,soe143,345,123,1,0.10610204131994799,0.08071538383566786
398,soe144,345,123,1,0.21112962811906638,0.1234010902663372
399,soe145,345,123,1,0.07009191263041509,0.0490545383870449
400,soe101,15,-42,1,0.088403058680223,0.0557148805098676
401,soe103,15,-42,1,0.1526986488041481,0.08439186277748502
402,soe104,15,-42,1,0.0897491067724307,0.05322023412408609
403,soe105,15,-42,1,0.13486561718296816,0.07651244427924103
404,soe106,15,-42,1,0.09692110737687877,0.05799624397775747
405,soe108,15,-42,1,0.059124980110985735,0.042370462420990705
406,soe109,15,-42,1,0.06310409912828989,0.03704864800605475
407,soe110,15,-42,1,0.10275714680208113,0.06462204537190307
408,soe111,15,-42,1,0.16829091570897844,0.09258320913088175
409,soe112,15,-42,1,0.05596845420974673,0.032174855112714576
410,soe113,15,-42,1,0.08362649544100738,0.051798274684822766
411,soe114,15,-42,1,0.08792270405512873,0.05929474088182477
412,soe115,15,-42,1,0.07112783030997862,0.04403554613567736
413,soe116,15,-42,1,0.08537658387388763,0.052207074492051336
414,soe117,15,-42,1,0.07919713075983774,0.03564512961616958
415,soe118,15,-42,1,0.09889553327839906,0.059787454028638984
416,soe120,15,-42,1,0.07589343308749075,0.04852183529927604
417,soe121,15,-42,1,0.08670117601557834,0.05267865678833426
418,soe122,15,-42,1,0.08941107778846788,0.06187135770636084
419,soe123,15,-42,1,0.08840431044385154,0.048352772044720015
420,soe124,15,-42,1,0.07736748112750316,0.045123824379865535
421,soe125,15,-42,1,0.11354035611647303,0.0860579987270049
422,soe126,15,-42,1,0.07689811166691685,0.042529291728219114
423,soe128,15,-42,1,0.04511707107107809,0.030121978556920663
424,soe129,15,-42,1,0.08407985730525319,0.06368875657173949
425,soe130,15,-42,1,0.19541965534626243,0.12003156868109276
426,soe131,15,-42,1,0.055407138357812705,0.037137946866659714
427,soe133,15,-42,1,0.0658235036876784,0.04703935926993305
428,soe134,15,-42,1,0.07988626307866024,0.052816484011628285
429,soe135,15,-42,1,0.11318365478329968,0.06093867740713369
430,soe136,15,-42,1,0.17247908843179838,0.09949297056720222
431,soe137,15,-42,1,0.1236999099059266,0.08767851531873753
432,soe138,15,-42,1,0.22644485506201087,0.14160904063565596
433,soe139,15,-42,1,0.04552263193870397,0.02844552957813945
434,soe140,15,-42,1,0.08844669700529219,0.04997435145053078
435,soe141,15,-42,1,0.12012018321163337,0.07041507527760324
436,soe142,15,-42,1,0.08082959840751902,0.04629024589603406
437,soe143,15,-42,1,0.08447034663741651,0.06722491525181955
438,soe144,15,-42,1,0.1275962229921723,0.08475273962511518
439,soe145,15,-42,1,0.0835942989804408,0.05995709808221517
440,soe101,1235,568,1,0.14980012908339538,0.0958383785361149
441,soe103,1235,568,1,0.23106212981536578,0.1252081577836943
442,soe104,1235,568,1,0.1527762429366861,0.08059549400455217
443,soe105,1235,568,1,0.1674421216116663,0.09585067709229464
444,soe106,1235,568,1,0.17015941757929048,0.09775581479340756
445,soe108,1235,568,1,0.09435733416963836,0.0639776013106044
446,soe109,1235,568,1,0.10959223792076962,0.06573201074487334
447,soe110,1235,568,1,0.13801979636399261,0.08744896135729158
448,soe111,1235,568,1,0.19594864746025523,0.10369418383536669
449,soe112,1235,568,1,0.07474616362211142,0.039531750765468505
450,soe113,1235,568,1,0.09980797709751169,0.06502384706011359
451,soe114,1235,568,1,0.12977785049743326,0.08288637586044147
452,soe115,1235,568,1,0.13648255002523213,0.08387312204629922
453,soe116,1235,568,1,0.11069574932096923,0.09056804851194801
454,soe117,1235,568,1,0.13850649102015622,0.06683454860247208
455,soe118,1235,568,1,0.13072487251918435,0.08270057464707152
456,soe120,1235,568,1,0.12416318407139804,0.07303491394018534
457,soe121,1235,568,1,0.15336772665702242,0.0909225638820299
458,soe122,1235,568,1,0.10151942535825709,0.07119428365252473
459,soe123,1235,568,1,0.15369311865374918,0.08402889789442954
460,soe124,1235,568,1,0.11775025569459684,0.07471151813245733
461,soe125,1235,568,1,0.1587505313268561,0.11021566725224455
462,soe126,1235,568,1,0.1263942241903458,0.07546260417015263
463,soe128,1235,568,1,0.06999709589591281,0.04673088075050255
464,soe129,1235,568,1,0.1166622036590342,0.08186950785032308
465,soe130,1235,568,1,0.28928136273867006,0.18028499953974922
466,soe131,1235,568,1,0.08956126971229662,0.06151031009987517
467,soe133,1235,568,1,0.09419382214896573,0.06232412689950428
468,soe134,1235,568,1,0.11566329478341394,0.07352557239693974
469,soe135,1235,568,1,0.13589335403689198,0.07352350672809639
470,soe136,1235,568,1,0.22813190313925788,0.13083536843360913
471,soe137,1235,568,1,0.2240506987131865,0.14821237803412726
472,soe138,1235,568,1,0.3074887346311121,0.17931566493636203
473,soe139,1235,568,1,0.06838431102385685,0.04348297582451419
474,soe140,1235,568,1,0.1385840292523039,0.08344296051523044
475,soe141,1235,568,1,0.16384037883103145,0.10404916628333945
476,soe142,1235,568,1,0.15329894042658318,0.08712415321095175
477,soe143,1235,568,1,0.125977763752887,0.09929985627915663
478,soe144,1235,568,1,0.23887140181560917,0.1512633879057461
479,soe145,1235,568,1,0.15006725586637026,0.09973204866623135
480,soe101,13,-43,1,0.10770914609432394,0.06656823966757253
481,soe103,13,-43,1,0.1939581789047076,0.10347751555071154
482,soe104,13,-43,1,0.11490943919667393,0.05614996320737137
483,soe105,13,-43,1,0.11378044217320683,0.061679970386073056
484,soe106,13,-43,1,0.11651776296213233,0.0747131521508526
485,soe108,13,-43,1,0.06319093236582296,0.04204493728115324
486,soe109,13,-43,1,0.08407502087205293,0.05494318259199121
487,soe110,13,-43,1,0.08940958154122504,0.05075131750638626
488,soe111,13,-43,1,0.14309315476316462,0.07640510516480092
489,soe112,13,-43,1,0.03637405996843871,0.026073821254093923
490,soe113,13,-43,1,0.06204235788581616,0.041792262836043786
491,soe114,13,-43,1,0.09707051406823279,0.06494385717692314
492,soe115,13,-43,1,0.12288830509382061,0.07452449717188687
493,soe116,13,-43,1,0.0831238023650761,0.062059360368350955
494,soe117,13,-43,1,0.11389793502689609,0.06047764950999653
495,soe118,13,-43,1,0.10987630475500726,0.06707178715049147
496,soe120,13,-43,1,0.08271673176101807,0.05420725980097545
497,soe121,13,-43,1,0.10410353962834444,0.0673752193812022
498,soe122,13,-43,1,0.06355869304547172,0.04676398885731221
499,soe123,13,-43,1,0.122532567052605,0.0717736375965255
500,soe124,13,-43,1,0.0919398247141566,0.05630663931891009
501,soe125,13,-43,1,0.10161255341600006,0.06060007818651881
502,soe126,13,-43,1,0.0938872779641571,0.049671152080804304
503,soe128,13,-43,1,0.06225542487180777,0.03937464516173034
504,soe129,13,-43,1,0.09969697152333143,0.06734449004280325
505,soe130,13,-43,1,0.1892950622587639,0.1294858299624038
506,soe131,13,-43,1,0.07392659264770586,0.04669835341184739
507,soe133,13,-43,1,0.0772094520106742,0.05343927211447515
508,soe134,13,-43,1,0.09740562126611906,0.06514214467006148
509,soe135,13,-43,1,0.08160400534239799,0.053080255125734305
510,soe136,13,-43,1,0.13454661980943097,0.07610090617921646
511,soe137,13,-43,1,0.1488298190888079,0.1018890371783335
512,soe138,13,-43,1,0.19370483753189124,0.11126351910379774
513,soe139,13,-43,1,0.046311235236698875,0.0276296901323147
514,soe140,13,-43,1,0.1253633425403754,0.07410056643024769
515,soe141,13,-43,1,0.1291852286538236,0.0866641586748475
516,soe142,13,-43,1,0.12543501090067452,0.07222147598900121
517,soe143,13,-43,1,0.07530875503851568,0.07005861166900945
518,soe144,13,-43,1,0.16034082395891644,0.09832394362400886
519,soe145,13,-43,1,0.11343139448190266,0.07868573715255614
520,soe101,26,-37,2,0.06455254714486136,0.03141237186037951
521,soe103,26,-37,2,0.0665291887129633,0.034889217469471226
522,soe104,26,-37,2,0.05870923123710787,0.035168320399366265
523,soe105,26,-37,2,0.046498659080755886,0.024167715209707046
524,soe106,26,-37,2,0.0774856123627806,0.04062202573981144
525,soe108,26,-37,2,0.028070228677577885,0.01878398406738094
526,soe109,26,-37,2,0.027832728526251075,0.015578086619015136
527,soe110,26,-37,2,0.03534678017984323,0.022419454517124585
528,soe111,26,-37,2,0.04525717919359895,0.02662676289214153
529,soe112,26,-37,2,0.0264469582508433,0.018617448413118964
530,soe113,26,-37,2,0.025003249069761493,0.015784694354301045
531,soe114,26,-37,2,0.026010903540393097,0.022891369681969177
532,soe115,26,-37,2,0.023860813705330986,0.012886611876183429
533,soe116,26,-37,2,0.026104438746947883,0.021466649066192948
534,soe117,26,-37,2,0.014731144317077966,0.0049398706354637865
535,soe118,26,-37,2,0.028610056182793095,0.024331370841276012
536,soe120,26,-37,2,0.027726720581011215,0.017425277834862436
537,soe121,26,-37,2,0.027546296164964384,0.016916954606828336
538,soe122,26,-37,2,0.012952974120583698,0.007006570125015331
539,soe123,26,-37,2,0.049860362119008364,0.02592334863935418
540,soe124,26,-37,2,0.04123135622194815,0.02564784757985911
541,soe125,26,-37,2,0.06510219602111239,0.04873377740489019
542,soe126,26,-37,2,0.036883971259442615,0.02024017080182742
543,soe128,26,-37,2,0.016382334483187544,0.007484749075385896
544,soe129,26,-37,2,0.019958508592566378,0.023317784999991226
545,soe130,26,-37,2,0.1496035816806972,0.08961761870062539
546,soe131,26,-37,2,0.013268498460803396,0.011081660381720286
547,soe133,26,-37,2,0.028896877188486256,0.016249930326533078
548,soe134,26,-37,2,0.046812200610504666,0.019983782040788205
549,soe135,26,-37,2,0.037710848556438366,0.02293344899595067
550,soe136,26,-37,2,0.07883115859891617,0.04187214512710149
551,soe137,26,-37,2,0.11663163539408604,0.07474218755585631
552,soe138,26,-37,2,0.13172390092643668,0.07140710599922005
553,soe139,26,-37,2,0.022639340999217814,0.01044209251155075
554,soe140,26,-37,2,0.027212829651369667,0.01349949768332763
555,soe141,26,-37,2,0.053070822945300515,0.03521019626190805
556,soe142,26,-37,2,0.06442561421761676,0.03686560898496623
557,soe143,26,-37,2,0.05966450285866072,0.04025400032787309
558,soe144,26,-37,2,0.11492185082607516,0.0804515382752509
559,soe145,26,-37,2,0.0407086460241597,0.02759604603726421
560,soe101,35,-32,1,0.05080550842929301,0.032092203336328964
561,soe103,35,-32,1,0.12642792514406567,0.06505272703674025
562,soe104,35,-32,1,0.057516794993643115,0.033913471864789047
563,soe105,35,-32,1,0.06265268684494077,0.040233032683049105
564,soe106,35,-32,1,0.1003110117608273,0.06142054163653349
565,soe108,35,-32,1,0.05026225135644733,0.0382407284508522
566,soe109,35,-32,1,0.04137884112791143,0.02328995009050916
567,soe110,35,-32,1,0.06914059971869739,0.04344825204433237
568,soe111,35,-32,1,0.09243947588105851,0.04353325533304952
569,soe112,35,-32,1,0.06823114795373864,0.030747431922552502
570,soe113,35,-32,1,0.0509690731156906,0.03872202040339884
571,soe114,35,-32,1,0.07013263988637479,0.044196366408495225
572,soe115,35,-32,1,0.06939343683450963,0.04457532887451644
573,soe116,35,-32,1,0.06414611221505931,0.04618308785652413
574,soe117,35,-32,1,0.08132605609540061,0.03642167558762002
575,soe118,35,-32,1,0.07462946334267861,0.05123429502214285
576,soe120,35,-32,1,0.04860749050172989,0.02550767400051101
577,soe121,35,-32,1,0.08253449391929313,0.05572351934747235
578,soe122,35,-32,1,0.05136348970812394,0.04381580501046517
579,soe123,35,-32,1,0.06692641208256062,0.03294231430573023
580,soe124,35,-32,1,0.0781103629378947,0.04942027605101277
581,soe125,35,-32,1,0.08883990480196269,0.06138915363763716
582,soe126,35,-32,1,0.058298844517151144,0.03404226205866003
583,soe128,35,-32,1,0.02301322789522057,0.011531926230815018
584,soe129,35,-32,1,0.05482744049760567,0.039473891045335656
585,soe130,35,-32,1,0.20387139312339234,0.11908846365624326
586,soe131,35,-32,1,0.05322553565679768,0.037240006661273736
587,soe133,35,-32,1,0.06930397219344302,0.042816092215839464
588,soe134,35,-32,1,0.06953535010918152,0.04783334770475123
589,soe135,35,-32,1,0.09214266763650548,0.0528297595859527
590,soe136,35,-32,1,0.14320225440498252,0.06780839581250732
591,soe137,35,-32,1,0.13701284571661437,0.09465982546802403
592,soe138,35,-32,1,0.20911741317342053,0.12102833895821712
593,soe139,35,-32,1,0.04205498687800181,0.03173400174671819
594,soe140,35,-32,1,0.051476419454547874,0.03786586868560699
595,soe141,35,-32,1,0.11930035884120366,0.06432014602920468
596,soe142,35,-32,1,0.07587685498609341,0.0475872147089893
597,soe143,35,-32,1,0.0897303809027334,0.0701902431337563
598,soe144,35,-32,1,0.17868995630886875,0.10413706385440678
599,soe145,35,-32,1,0.08527480252394185,0.051600034458448546
600,soe101,46,-27,2,0.024044973803012373,0.012973264158368128
601,soe103,46,-27,2,0.05325873484586912,0.026159524343061544
602,soe104,46,-27,2,0.0335935804470904,0.02179037653979103
603,soe105,46,-27,2,0.029481984406203244,0.020749070726187674
604,soe106,46,-27,2,0.07236265739492011,0.03784265785531293
605,soe108,46,-27,2,0.022695415330237396,0.012033384426715766
606,soe109,46,-27,2,0.030057761056167646,0.021834649152508687
607,soe110,46,-27,2,0.031174995987405786,0.016587245900391272
608,soe111,46,-27,2,0.046570310615127036,0.02651886871638733
609,soe112,46,-27,2,0.03633874413573091,0.027443559905249416
610,soe113,46,-27,2,0.025860877437638694,0.018192923253490197
611,soe114,46,-27,2,0.023802603647042467,0.021595515313103164
612,soe115,46,-27,2,0.030073154971829146,0.018912535141671547
613,soe116,46,-27,2,0.025455454961636904,0.01616517390422192
614,soe117,46,-27,2,0.025184532078881387,0.015275795775935613
615,soe118,46,-27,2,0.018548492031029075,0.018904534633670745
616,soe120,46,-27,2,0.0175275942744256,0.008991968557428266
617,soe121,46,-27,2,0.0310592384147116,0.022046145617956578
618,soe122,46,-27,2,0.01738504528777306,0.02223156284943745
619,soe123,46,-27,2,0.026136154975985357,0.01788261262627314
620,soe124,46,-27,2,0.03980969531637534,0.02668159103700877
621,soe125,46,-27,2,0.05355314956002039,0.029833237395939922
622,soe126,46,-27,2,0.031579486191964434,0.014947298909137438
623,soe128,46,-27,2,0.012811573427615018,0.006541775085938699
624,soe129,46,-27,2,0.007979114643108,0.013868913764585019
625,soe130,46,-27,2,0.1100899188527849,0.06840585364591692
626,soe131,46,-27,2,0.01370122448031213,0.0070248540485864566
627,soe133,46,-27,2,0.03326797605429467,0.015676106679941945
628,soe134,46,-27,2,0.047656997089219014,0.03340477295474606
629,soe135,46,-27,2,0.03734418820526133,0.02469096087165211
630,soe136,46,-27,2,0.07228557414078904,0.039704977789922956
631,soe137,46,-27,2,0.12124416561624707,0.07382588282903635
632,soe138,46,-27,2,0.08943219708035667,0.05580455444798411
633,soe139,46,-27,2,0.015055768697039453,0.007087874899027384
634,soe140,46,-27,2,0.015929613186575677,0.010105658718806962
635,soe141,46,-27,2,0.05990791272875184,0.03212256224908421
636,soe142,46,-27,2,0.04835731768139858,0.019766461189524794
637,soe143,46,-27,2,0.04230735183166557,0.036941360953113005
638,soe144,46,-27,2,0.09817285145391928,0.06322199790591222
639,soe145,46,-27,2,0.027015155637020127,0.01753920063756308
640,soe101,56,-22,2,0.028435506659767355,0.014848051309600803
641,soe103,56,-22,2,0.07803270066366956,0.041602505984692346
642,soe104,56,-22,2,0.036263271371890164,0.025190317009738714
643,soe105,56,-22,2,0.06365960073738276,0.037105187586942874
644,soe106,56,-22,2,0.063008691642763,0.037979640104774066
645,soe108,56,-22,2,0.038903828802832816,0.0264712736428052
646,soe109,56,-22,2,0.012138985982149865,0.0046897056566307755
647,soe110,56,-22,2,0.04369951705958673,0.022968503057395014
648,soe111,56,-22,2,0.08989546358726744,0.05124890704378304
649,soe112,56,-22,2,0.04609745589526911,0.027551070857669346
650,soe113,56,-22,2,0.039659091710907264,0.03215840682048705
651,soe114,56,-22,2,0.03709364130486616,0.026319008582361823
652,soe115,56,-22,2,0.013743529494989764,0.01101899786183204
653,soe116,56,-22,2,0.0420965233064441,0.027048378880717476
654,soe117,56,-22,2,0.021487059346331522,0.012565704272378256
655,soe118,56,-22,2,0.03221536113329834,0.0323611515132821
656,soe120,56,-22,2,0.021951203344754047,0.014783737654602457
657,soe121,56,-22,2,0.02948993358707338,0.019772417471641407
658,soe122,56,-22,2,0.04424981392972782,0.03830423179666387
659,soe123,56,-22,2,0.04531030927972408,0.021921523138017766
660,soe124,56,-22,2,0.05178815340477023,0.03233138633586224
661,soe125,56,-22,2,0.08224359855425473,0.053201010975547414
662,soe126,56,-22,2,0.036041882215009174,0.01790827547149972
663,soe128,56,-22,2,0.01005513586823493,0.003692278515082736
664,soe129,56,-22,2,0.019953934654528216,0.01972720274395715
665,soe130,56,-22,2,0.1626444747897665,0.08847134133179979
666,soe131,56,-22,2,0.02426442517481727,0.011944530515410055
667,soe133,56,-22,2,0.04291989366727998,0.023129455268390157
668,soe134,56,-22,2,0.05199152758858424,0.035382403715143076
669,soe135,56,-22,2,0.08570476562709,0.04649023864917629
670,soe136,56,-22,2,0.10586370075026869,0.055679209165940095
671,soe137,56,-22,2,0.11228908994385448,0.075387501601095
672,soe138,56,-22,2,0.16057191763609002,0.10081974077010857
673,soe139,56,-22,2,0.02521525009229618,0.010755653165544792
674,soe140,56,-22,2,0.028084625018394718,0.014722502737123845
675,soe141,56,-22,2,0.0632221190070894,0.0299548553657224
676,soe142,56,-22,2,0.037319501605996806,0.01882114012608139
677,soe143,56,-22,2,0.06643922135555753,0.04939671786362479
678,soe144,56,-22,2,0.10416843057857075,0.07139882975361249
679,soe145,56,-22,2,0.033102058115447135,0.021754533108251043
680,soe101,101,1,1,0.05084396891797869,0.03556759587750027
681,soe103,101,1,1,0.06590164287501482,0.03930113096402821
682,soe104,101,1,1,0.04196855887931085,0.02763517252597272
683,soe105,101,1,1,0.048063810695358505,0.021164166340514518
684,soe106,101,1,1,0.024797059913052307,0.018702310146754185
685,soe108,101,1,1,0.024773814581194556,0.012675829302687151
686,soe109,101,1,1,0.03592923107281621,0.01704463700951032
687,soe110,101,1,1,0.03544116256820753,0.01897916779312756
688,soe111,101,1,1,0.06275646115753741,0.03446648626841395
689,soe112,101,1,1,0.01870851533863663,0.01971812419428523
690,soe113,101,1,1,0.017691275440095668,0.013562589758229623
691,soe114,101,1,1,0.02393495864356919,0.013574500981431802
692,soe115,101,1,1,0.03213262523241711,0.02199379061059201
693,soe116,101,1,1,0.03125792224836128,0.017854245662295463
694,soe117,101,1,1,0.028379979890702914,0.015519656766469447
695,soe118,101,1,1,0.036302501091379724,0.018146400598797293
696,soe120,101,1,1,0.02850732536138816,0.01646758439941782
697,soe121,101,1,1,0.04496065730560777,0.02256531907772203
698,soe122,101,1,1,0.03246073780578174,0.021900753872288937
699,soe123,101,1,1,0.0329935073979145,0.018917567195462764
700,soe124,101,1,1,0.02665802374678256,0.012798026861412114
701,soe125,101,1,1,0.04109611851696607,0.024864268252285982
702,soe126,101,1,1,0.03374704373849178,0.02179448155287315
703,soe128,101,1,1,0.020565999054481393,0.014003379848571014
704,soe129,101,1,1,0.0352924597788955,0.020441026379343585
705,soe130,101,1,1,0.05124464501680443,0.04187507475043457
706,soe131,101,1,1,0.024481923650556674,0.010287785906021765
707,soe133,101,1,1,0.01677450891972766,0.018365536103144578
708,soe134,101,1,1,0.02803489216678328,0.020753369182388775
709,soe135,101,1,1,0.03064182210415062,0.020328989718621623
710,soe136,101,1,1,0.04644433595271111,0.026042887258599854
711,soe137,101,1,1,0.04510275298504982,0.031832339617020984
712,soe138,101,1,1,0.0657247636071572,0.03915176522317216
713,soe139,101,1,1,0.018689074060058607,0.011335637203076334
714,soe140,101,1,1,0.043382019622097964,0.0263273716898506
715,soe141,101,1,1,0.0439816451316972,0.024837255414779557
716,soe142,101,1,1,0.04563648946751498,0.02465706804932214
717,soe143,101,1,1,0.02327032973622834,0.020719659830415734
718,soe144,101,1,1,0.04408342239708933,0.032171539426768904
719,soe145,101,1,1,0.017876064888546848,0.02551165259783926
720,soe101,102,1,2,0.03512126884154205,0.019195111540703365
721,soe103,102,1,2,0.02232608931168275,0.020167339744147566
722,soe104,102,1,2,0.01845587233848953,0.005036127859233687
723,soe105,102,1,2,0.017549550406959602,0.012024055082397917
724,soe106,102,1,2,0.025669379833228506,0.011236095560168769
725,soe108,102,1,2,0.01594110745002298,0.008433301084410465
726,soe109,102,1,2,0.0123868013893062,0.0014540017292729956
727,soe110,102,1,2,0.0188232109003912,0.00715367589391276
728,soe111,102,1,2,0.012748853888321386,0.0035762844047825372
729,soe112,102,1,2,0.01081688735605624,0.0022959642188766596
730,soe113,102,1,2,0.0027587853689172446,0.001978063132577736
731,soe114,102,1,2,0.005654302151495494,0.002452216068769488
732,soe115,102,1,2,0.017322392921779475,0.010551389934915771
733,soe116,102,1,2,0.015414346437600309,0.010845431614103099
734,soe117,102,1,2,0.005978980150136156,-0.0014561838344296163
735,soe118,102,1,2,0.007253726403364845,0.004387681482434443
736,soe120,102,1,2,0.025857507763709115,0.012174093659024367
737,soe121,102,1,2,0.014324066498762071,0.009810688149950111
738,soe122,102,1,2,0.0033792100479109227,-0.002233102727669983
739,soe123,102,1,2,0.017725624030494422,0.005967016849912537
740,soe124,102,1,2,0.016762407346649515,0.004683728215031596
741,soe125,102,1,2,0.02661952134273163,0.018755214457636324
742,soe126,102,1,2,0.0098733151436616,0.013400697837622164
743,soe128,102,1,2,0.014770075170304204,0.0027644336897840976
744,soe129,102,1,2,0.008597251813746066,0.009432289178062058
745,soe130,102,1,2,0.04859185317183135,0.02795980978530141
746,soe131,102,1,2,0.0110584483194177,0.0032644044496811155
747,soe133,102,1,2,0.008250023801391343,0.00544847443518809
748,soe134,102,1,2,0.0169859631274002,0.008660254697583912
749,soe135,102,1,2,0.008508007526128252,0.0040738852508281475
750,soe136,102,1,2,0.041671386645864575,0.019247925001628318
751,soe137,102,1,2,0.03815611801645303,0.019641730312690186
752,soe138,102,1,2,0.03562885279243663,0.016366775758790714
753,soe139,102,1,2,-0.0007278581654137484,-0.000607258624460818
754,soe140,102,1,2,0.009245548605161184,0.005664979901219994
755,soe141,102,1,2,0.016134915546232413,0.00712581575077325
756,soe142,102,1,2,0.028914216799492968,0.01568460962730335
757,soe143,102,1,2,0.024865115647718233,0.015830529944973505
758,soe144,102,1,2,0.04556730578982345,0.03190583275884803
759,soe145,102,1,2,0.014789476177789451,0.015288547508733477
760,soe101,103,2,1,0.01603856637334542,0.013134315649071023
761,soe103,103,2,1,0.037892233272460905,0.019806611163703844
762,soe104,103,2,1,0.015519073394590212,0.005091256817968384
763,soe105,103,2,1,0.0075632307163302215,0.00015005622997031186
764,soe106,103,2,1,0.047903789422717495,0.031677597692183694
765,soe108,103,2,1,0.016790632339671308,0.014367755488975065
766,soe109,103,2,1,0.01494270387623601,0.012157220376469012
767,soe110,103,2,1,0.011489334287387847,0.010330077205162021
768,soe111,103,2,1,0.015347672207503387,0.007192559703564184
769,soe112,103,2,1,0.009243476172048593,0.005507395580084058
770,soe113,103,2,1,0.0061835931649637434,0.003749451719646968
771,soe114,103,2,1,0.016869042143624943,0.018249340198131694
772,soe115,103,2,1,0.02661810016272264,0.016724660057784942
773,soe116,103,2,1,0.021873330236604555,0.01620096981981638
774,soe117,103,2,1,0.021113216103556168,0.01475328403521868
775,soe118,103,2,1,0.025796962725973913,0.020772079512768122
776,soe120,103,2,1,0.015316811982344586,0.008013275198915154
777,soe121,103,2,1,0.027604800314546808,0.02201670748253104
778,soe122,103,2,1,0.0013027794332346498,0.003765088595405375
779,soe123,103,2,1,0.02981690838435801,0.013773648136930222
780,soe124,103,2,1,0.03862682508768308,0.022846362347953394
781,soe125,103,2,1,0.015265006611882655,0.004319587634834119
782,soe126,103,2,1,0.017724280812862623,0.01543142579337018
783,soe128,103,2,1,0.011293809078044875,0.010317724475533748
784,soe129,103,2,1,0.01907134559197644,0.0136106926721187
785,soe130,103,2,1,0.052744126867857635,0.03485604438867409
786,soe131,103,2,1,0.024370849882524585,0.017191562974293785
787,soe133,103,2,1,0.02491489904389892,0.015814599857411574
788,soe134,103,2,1,0.022250460460817356,0.018660728007555336
789,soe135,103,2,1,0.01416878859173074,0.010899301235935218
790,soe136,103,2,1,0.019974816068050696,0.006977677558183827
791,soe137,103,2,1,0.05397775968717399,0.037505674028835395
792,soe138,103,2,1,0.0375001233381693,0.023851841074819736
793,soe139,103,2,1,0.014355337322645396,0.00922065972121443
794,soe140,103,2,1,0.022485257189765337,0.0114797184169276
795,soe141,103,2,1,0.03531160842498746,0.020977855071550706
796,soe142,103,2,1,0.040502411230157805,0.023870133950510877
797,soe143,103,2,1,0.026559376722029154,0.020507449328796043
798,soe144,103,2,1,0.06792769266756446,0.03247838385722832
799,soe145,103,2,1,0.03024021416970103,0.022429971955743616
800,soe101,104,2,2,0.00655218651054387,0.005084079014418191
801,soe103,104,2,2,0.01023126277950062,0.004084086300883612
802,soe104,104,2,2,0.011203506605563901,0.013575886994641224
803,soe105,104,2,2,0.009011266467251842,0.005961250743759324
804,soe106,104,2,2,0.033394010010155926,0.01886323592042199
805,soe108,104,2,2,-0.0019901694932603527,0.002111010519347517
806,soe109,104,2,2,0.00585674543278478,0.010006860933879671
807,soe110,104,2,2,0.0070966118206120185,0.005997148534392964
808,soe111,104,2,2,0.0075362591580138034,0.0029152856407723667
809,soe112,104,2,2,0.015738768879080184,0.00831458115464481
810,soe113,104,2,2,-0.001337992412769172,0.0025164776971963823
811,soe114,104,2,2,0.001354647149501468,-0.0006262414900911406
812,soe115,104,2,2,0.018770341470214783,0.011351729557650918
813,soe116,104,2,2,0.011490863977647162,0.009424437101683962
814,soe117,104,2,2,0.021114259598718873,0.01198404318234196
815,soe118,104,2,2,0.015061223984343744,0.011555459764224028
816,soe120,104,2,2,0.005326954052195907,0.003027406627158136
817,soe121,104,2,2,0.012086951819553781,0.009772567473332681
818,soe122,104,2,2,0.008343612666515995,0.004128733865754965
819,soe123,104,2,2,0.005751032966348838,0.0053430940703657155
820,soe124,104,2,2,0.015006080654041338,0.01168518873108843
821,soe125,104,2,2,0.01889143614647128,0.011138277231050098
822,soe126,104,2,2,0.0028376195773832016,0.00016708423315889634
823,soe128,104,2,2,0.006515776868693952,-0.0006888735169785069
824,soe129,104,2,2,0.0024013788458283523,-0.0010749681479034624
825,soe130,104,2,2,0.03481303740015478,0.01878947452455331
826,soe131,104,2,2,0.0070750022587297515,0.0036811201139841545
827,soe133,104,2,2,-0.0008331808387358289,0.0023197271538809338
828,soe134,104,2,2,0.005262180473638271,0.007811212218561174
829,soe135,104,2,2,0.004385993799964045,0.005777353367317353
830,soe136,104,2,2,0.021425545045580294,0.009469489057675197
831,soe137,104,2,2,0.05682393802124631,0.03760113829667982
832,soe138,104,2,2,0.020982235684878444,0.01519261087648937
833,soe139,104,2,2,-0.0003277475120256012,-0.004633115068098478
834,soe140,104,2,2,0.006484401046114036,0.0006507057003085623
835,soe141,104,2,2,0.01798602320367047,0.011074402484890151
836,soe142,104,2,2,0.021354856704523174,0.010730509852206542
837,soe143,104,2,2,0.01184839284872283,0.006774702776085281
838,soe144,104,2,2,0.03885165305564291,0.02376954643010017
839,soe145,104,2,2,0.011202853064882811,0.006370800927485512
840,soe101,105,3,1,0.007045087668394323,0.008158098556530144
841,soe103,105,3,1,0.02434535852492569,0.018127402565680777
842,soe104,105,3,1,0.011526136768032673,0.008886480502461165
843,soe105,105,3,1,0.020796543497449735,0.009453294835100963
844,soe106,105,3,1,0.02349261105437621,0.009605239510962768
845,soe108,105,3,1,0.010877901816659069,0.011374462443000593
846,soe109,105,3,1,0.006736808196543857,0.0005587616610673985
847,soe110,105,3,1,0.014728321383463673,0.015095144766796447
848,soe111,105,3,1,0.028564621581431297,0.012810350197560418
849,soe112,105,3,1,0.029872274540158568,0.011616679951028495
850,soe113,105,3,1,0.01747390397323593,0.022338771515915262
851,soe114,105,3,1,0.010688076937336071,0.009800881965262815
852,soe115,105,3,1,0.00623021488294388,0.0049001119273757625
853,soe116,105,3,1,0.01647001827067593,0.009156773593122308
854,soe117,105,3,1,0.010167356206709287,0.002752487575677897
855,soe118,105,3,1,0.016587487336158526,0.012124410515721754
856,soe120,105,3,1,0.00646903979767637,0.008944722937908657
857,soe121,105,3,1,0.00996803406574752,0.009069932269422033
858,soe122,105,3,1,0.020732851816512562,0.010316954598627097
859,soe123,105,3,1,0.01518460619557973,0.006342170854372103
860,soe124,105,3,1,0.018387979999598295,0.010967752717445205
861,soe125,105,3,1,0.033861948046678414,0.021477089435101727
862,soe126,105,3,1,0.01077909318453336,0.0017199584066611207
863,soe128,105,3,1,0.0010388314915638834,0.002971829237353093
864,soe129,105,3,1,0.018539610443340154,0.01841576040260777
865,soe130,105,3,1,0.04834416045110089,0.03041558348515722
866,soe131,105,3,1,0.010865882882013062,0.0055610173399577596
867,soe133,105,3,1,0.016611424093298188,0.014496694735120925
868,soe134,105,3,1,0.013685374935477246,0.00970321897183401
869,soe135,105,3,1,0.032243708616541585,0.016732105385702092
870,soe136,105,3,1,0.04605403602405781,0.025572194765610987
871,soe137,105,3,1,0.039672776680557055,0.02551419281640604
872,soe138,105,3,1,0.07067836721367335,0.04146559964531378
873,soe139,105,3,1,0.014564865876162299,0.006686536682752049
874,soe140,105,3,1,0.004632617376451663,0.005459634717015248
875,soe141,105,3,1,0.018555845987431843,0.007274948549329407
876,soe142,105,3,1,0.010783442470134049,0.002494018369544733
877,soe143,105,3,1,0.03436474730394784,0.023187387720256396
878,soe144,105,3,1,0.03463345994182565,0.0220179831037688
879,soe145,105,3,1,0.011101994677680709,0.0014760512698221847
880,soe101,106,3,2,0.008915126106138224,0.001089169625149892
881,soe103,106,3,2,0.010620547376087143,0.01150209271360838
882,soe104,106,3,2,0.010058547590288127,0.008806576816728293
883,soe105,106,3,2,0.007736959648841024,0.00781955083461199
884,soe106,106,3,2,0.012365702215229594,0.006771023052601385
885,soe108,106,3,2,0.006596134581925939,0.002544576273020298
886,soe109,106,3,2,-0.0021379756505702677,-0.006538203010362333
887,soe110,106,3,2,0.00028152847979334076,0.0014176062545735745
888,soe111,106,3,2,0.017217979840330088,0.014442347568334306
889,soe112,106,3,2,0.0037674410058188747,0.010865642459397066
890,soe113,106,3,2,0.009499438715173725,0.0098278181930654
891,soe114,106,3,2,0.006167525761201773,0.011102611560895984
892,soe115,106,3,2,0.0006821313557428834,0.004256308645438539
893,soe116,106,3,2,0.011049245649691935,0.012075716351271963
894,soe117,106,3,2,-0.0043745640676453885,0.00023205227430430223
895,soe118,106,3,2,0.003052103905845535,0.008228135641595642
896,soe120,106,3,2,0.005045014140486137,0.0029309112124847147
897,soe121,106,3,2,0.000843789140578853,-0.0024998611364835275
898,soe122,106,3,2,0.011535018882603566,0.005884343517844992
899,soe123,106,3,2,0.0030173752105353974,-0.0036280421839398323
900,soe124,106,3,2,0.009058557584085757,0.004935017012175089
901,soe125,106,3,2,0.008217556737835356,-0.0001193232255089078
902,soe126,106,3,2,0.005012069140559563,0.002951652938838282
903,soe128,106,3,2,-6.915844836609991e-06,0.0007120760581321532
904,soe129,106,3,2,-0.004777780625555289,0.0057565731611614185
905,soe130,106,3,2,0.034655515031151385,0.023811606432296017
906,soe131,106,3,2,-0.00012052713195505691,-0.003784621018788713
907,soe133,106,3,2,0.007670262546488997,0.004915120771735314
908,soe134,106,3,2,0.02170065632053529,0.02326727385228187
909,soe135,106,3,2,0.019202896374108085,0.018246409350732126
910,soe136,106,3,2,0.013919432347846272,0.005695146419205172
911,soe137,106,3,2,0.039524597574201584,0.024188331070022075
912,soe138,106,3,2,0.030410906796650764,0.015559651242417618
913,soe139,106,3,2,0.002402346542187278,0.00344612458790106
914,soe140,106,3,2,0.005982640197222694,0.0008202976387776323
915,soe141,106,3,2,0.01582191657486505,0.00604841504249908
916,soe142,106,3,2,0.01975233219681584,0.010003342645119016
917,soe143,106,3,2,0.002005956743281837,0.0065646450578913315
918,soe144,106,3,2,0.018283966720847002,0.017128453380701566
919,soe145,106,3,2,0.005168867034756415,0.006239059514889335
920,soe101,24,-38,2,0.05775181750153435,0.028285107199945238
921,soe103,24,-38,2,0.06634897600681144,0.04395507468209276
922,soe104,24,-38,2,0.06454077554014752,0.03433996805359843
923,soe105,24,-38,2,0.04167378501928456,0.0331601487393033
924,soe106,24,-38,2,0.0882147166825966,0.0442847073831428
925,soe108,24,-38,2,0.02247696366517267,0.01597478005464079
926,soe109,24,-38,2,0.04885926449589056,0.033272742942955257
927,soe110,24,-38,2,0.04004612764851603,0.026132054531379675
928,soe111,24,-38,2,0.039970374060283885,0.012530429665432215
929,soe112,24,-38,2,0.03374923375130027,0.01711164908981179
930,soe113,24,-38,2,0.028622566161510467,0.01587090511372433
931,soe114,24,-38,2,0.03176450816485604,0.0185959724538123
932,soe115,24,-38,2,0.04995362720866252,0.031218725256021842
933,soe116,24,-38,2,0.022954606582086954,0.018810565313824062
934,soe117,24,-38,2,0.04871724054234092,0.026042272390676538
935,soe118,24,-38,2,0.027265516943465917,0.018942036748415013
936,soe120,24,-38,2,0.03263869094366513,0.016095725737194935
937,soe121,24,-38,2,0.056539506426564565,0.033176934276516044
938,soe122,24,-38,2,0.022620619526972415,0.008966177056612802
939,soe123,24,-38,2,0.04405221924829842,0.028134926316180073
940,soe124,24,-38,2,0.05786591446471922,0.030114320953509133
941,soe125,24,-38,2,0.0850108018605006,0.0453295524241466
942,soe126,24,-38,2,0.0429325586800703,0.02608434089572579
943,soe128,24,-38,2,0.02738970267281495,0.014162003895831466
944,soe129,24,-38,2,0.025754547792868593,0.02306796832597184
945,soe130,24,-38,2,0.1340705143097465,0.07879980125041748
946,soe131,24,-38,2,0.010813745434034428,0.007847319606417623
947,soe133,24,-38,2,0.016634175112123974,0.01119224798082839
948,soe134,24,-38,2,0.02783255116395257,0.02159621232199829
949,soe135,24,-38,2,0.022415768234059396,0.01239032189922003
950,soe136,24,-38,2,0.09685575493508232,0.05554305737804374
951,soe137,24,-38,2,0.14251495448292842,0.0893657535367503
952,soe138,24,-38,2,0.11376916477268294,0.06523301283210742
953,soe139,24,-38,2,0.015340156244370191,0.012896911428980746
954,soe140,24,-38,2,0.028710733221876988,0.01531572528656035
955,soe141,24,-38,2,0.05744944150329937,0.033131377307583136
956,soe142,24,-38,2,0.07380303985757371,0.03761876184725179
957,soe143,24,-38,2,0.05812754594524722,0.03680260845296417
958,soe144,24,-38,2,0.13561000785228697,0.08400456534568161
959,soe145,24,-38,2,0.03289231501203493,0.022844783499010337
